<?xml version="1.0" encoding="UTF-8"?>
<configuration>
    <oatconfig>
        <filefilterlist>
            <filefilter name="copyrightPolicyFilter" desc="Filters for compatibility，license header policies">
                <filteritem type="filename" name="hvigorfile.js" desc="hvigor构建脚本，DevEco Studio自动生成，不手动修改"/>
                <filteritem type="filename" name="*.json5" desc="hvigor配置文件，DevEco Studio自动生成，不手动修改"/>
            </filefilter>
            <filefilter name="defaultPolicyFilter" desc="Filters for compatibility，license header policies">
                <filteritem type="filename" name="hvigorfile.js" desc="hvigor构建脚本，DevEco Studio自动生成，不手动修改"/>
                <filteritem type="filename" name="*.json5" desc="hvigor配置文件，DevEco Studio自动生成，不手动修改"/>
            </filefilter>
        </filefilterlist>
    </oatconfig>
</configuration>
